"","dyadID","actor","subject","undir.dyad","new.dyad","opp.sex"
"1","BBB-BBP","BBB","BBP","BBB-BBP",TRUE,FALSE
"2","BBB-BOB","BBB","BOB","BBB-BOB",TRUE,FALSE
"3","BBB-GGG","BBB","GGG","BBB-GGG",TRUE,TRUE
"4","BBB-GGO","BBB","GGO","BBB-GGO",TRUE,TRUE
"5","BBB-GOO","BBB","GOO","BBB-GOO",TRUE,FALSE
"6","BBB-GOP","BBB","GOP","BBB-GOP",TRUE,FALSE
"7","BBB-GPG","BBB","GPG","BBB-GPG",TRUE,FALSE
"8","BBB-OBB","BBB","OBB","BBB-OBB",TRUE,FALSE
"9","BBB-OBG","BBB","OBG","BBB-OBG",TRUE,TRUE
"10","BBB-OGO","BBB","OGO","BBB-OGO",TRUE,FALSE
"11","BBB-OOO","BBB","OOO","BBB-OOO",TRUE,FALSE
"12","BBB-OOP","BBB","OOP","BBB-OOP",TRUE,TRUE
"13","BBB-OPP","BBB","OPP","BBB-OPP",FALSE,FALSE
"14","BBB-PBB","BBB","PBB","BBB-PBB",TRUE,TRUE
"15","BBB-PBO","BBB","PBO","BBB-PBO",TRUE,TRUE
"16","BBB-PGG","BBB","PGG","BBB-PGG",TRUE,FALSE
"17","BBB-POO","BBB","POO","BBB-POO",FALSE,FALSE
"18","BBB-POP","BBB","POP","BBB-POP",TRUE,TRUE
"19","BBB-PPB","BBB","PPB","BBB-PPB",FALSE,TRUE
"20","BBB-PPO","BBB","PPO","BBB-PPO",TRUE,FALSE
"21","BBB-PPP","BBB","PPP","BBB-PPP",TRUE,FALSE
"22","BBP-BBB","BBP","BBB","BBB-BBP",TRUE,FALSE
"23","BBP-BOB","BBP","BOB","BBP-BOB",FALSE,FALSE
"24","BBP-GGG","BBP","GGG","BBP-GGG",TRUE,TRUE
"25","BBP-GGO","BBP","GGO","BBP-GGO",TRUE,TRUE
"26","BBP-GOO","BBP","GOO","BBP-GOO",TRUE,FALSE
"27","BBP-GOP","BBP","GOP","BBP-GOP",TRUE,FALSE
"28","BBP-GPG","BBP","GPG","BBP-GPG",TRUE,FALSE
"29","BBP-OBB","BBP","OBB","BBP-OBB",TRUE,FALSE
"30","BBP-OBG","BBP","OBG","BBP-OBG",TRUE,TRUE
"31","BBP-OGO","BBP","OGO","BBP-OGO",TRUE,FALSE
"32","BBP-OOO","BBP","OOO","BBP-OOO",FALSE,FALSE
"33","BBP-OOP","BBP","OOP","BBP-OOP",TRUE,TRUE
"34","BBP-OPP","BBP","OPP","BBP-OPP",TRUE,FALSE
"35","BBP-PBB","BBP","PBB","BBP-PBB",TRUE,TRUE
"36","BBP-PBO","BBP","PBO","BBP-PBO",TRUE,TRUE
"37","BBP-PGG","BBP","PGG","BBP-PGG",FALSE,FALSE
"38","BBP-POO","BBP","POO","BBP-POO",TRUE,FALSE
"39","BBP-POP","BBP","POP","BBP-POP",FALSE,TRUE
"40","BBP-PPB","BBP","PPB","BBP-PPB",TRUE,TRUE
"41","BBP-PPO","BBP","PPO","BBP-PPO",FALSE,FALSE
"42","BBP-PPP","BBP","PPP","BBP-PPP",TRUE,FALSE
"43","BOB-BBB","BOB","BBB","BBB-BOB",TRUE,FALSE
"44","BOB-BBP","BOB","BBP","BBP-BOB",FALSE,FALSE
"45","BOB-GGG","BOB","GGG","BOB-GGG",TRUE,TRUE
"46","BOB-GGO","BOB","GGO","BOB-GGO",TRUE,TRUE
"47","BOB-GOO","BOB","GOO","BOB-GOO",TRUE,FALSE
"48","BOB-GOP","BOB","GOP","BOB-GOP",TRUE,FALSE
"49","BOB-GPG","BOB","GPG","BOB-GPG",TRUE,FALSE
"50","BOB-OBB","BOB","OBB","BOB-OBB",TRUE,FALSE
"51","BOB-OBG","BOB","OBG","BOB-OBG",TRUE,TRUE
"52","BOB-OGO","BOB","OGO","BOB-OGO",TRUE,FALSE
"53","BOB-OOO","BOB","OOO","BOB-OOO",FALSE,FALSE
"54","BOB-OOP","BOB","OOP","BOB-OOP",TRUE,TRUE
"55","BOB-OPP","BOB","OPP","BOB-OPP",TRUE,FALSE
"56","BOB-PBB","BOB","PBB","BOB-PBB",TRUE,TRUE
"57","BOB-PBO","BOB","PBO","BOB-PBO",TRUE,TRUE
"58","BOB-PGG","BOB","PGG","BOB-PGG",FALSE,FALSE
"59","BOB-POO","BOB","POO","BOB-POO",TRUE,FALSE
"60","BOB-POP","BOB","POP","BOB-POP",FALSE,TRUE
"61","BOB-PPB","BOB","PPB","BOB-PPB",TRUE,TRUE
"62","BOB-PPO","BOB","PPO","BOB-PPO",FALSE,FALSE
"63","BOB-PPP","BOB","PPP","BOB-PPP",TRUE,FALSE
"64","GGG-BBB","GGG","BBB","BBB-GGG",TRUE,TRUE
"65","GGG-BBP","GGG","BBP","BBP-GGG",TRUE,TRUE
"66","GGG-BOB","GGG","BOB","BOB-GGG",TRUE,TRUE
"67","GGG-GGO","GGG","GGO","GGG-GGO",FALSE,FALSE
"68","GGG-GOO","GGG","GOO","GGG-GOO",TRUE,TRUE
"69","GGG-GOP","GGG","GOP","GGG-GOP",TRUE,TRUE
"70","GGG-GPG","GGG","GPG","GGG-GPG",FALSE,TRUE
"71","GGG-OBB","GGG","OBB","GGG-OBB",TRUE,TRUE
"72","GGG-OBG","GGG","OBG","GGG-OBG",TRUE,FALSE
"73","GGG-OGO","GGG","OGO","GGG-OGO",TRUE,TRUE
"74","GGG-OOO","GGG","OOO","GGG-OOO",TRUE,TRUE
"75","GGG-OOP","GGG","OOP","GGG-OOP",FALSE,FALSE
"76","GGG-OPP","GGG","OPP","GGG-OPP",TRUE,TRUE
"77","GGG-PBB","GGG","PBB","GGG-PBB",FALSE,FALSE
"78","GGG-PBO","GGG","PBO","GGG-PBO",TRUE,FALSE
"79","GGG-PGG","GGG","PGG","GGG-PGG",TRUE,TRUE
"80","GGG-POO","GGG","POO","GGG-POO",TRUE,TRUE
"81","GGG-POP","GGG","POP","GGG-POP",TRUE,FALSE
"82","GGG-PPB","GGG","PPB","GGG-PPB",TRUE,FALSE
"83","GGG-PPO","GGG","PPO","GGG-PPO",TRUE,TRUE
"84","GGG-PPP","GGG","PPP","GGG-PPP",TRUE,TRUE
"85","GGO-BBB","GGO","BBB","BBB-GGO",TRUE,TRUE
"86","GGO-BBP","GGO","BBP","BBP-GGO",TRUE,TRUE
"87","GGO-BOB","GGO","BOB","BOB-GGO",TRUE,TRUE
"88","GGO-GGG","GGO","GGG","GGG-GGO",FALSE,FALSE
"89","GGO-GOO","GGO","GOO","GGO-GOO",TRUE,TRUE
"90","GGO-GOP","GGO","GOP","GGO-GOP",TRUE,TRUE
"91","GGO-GPG","GGO","GPG","GGO-GPG",FALSE,TRUE
"92","GGO-OBB","GGO","OBB","GGO-OBB",TRUE,TRUE
"93","GGO-OBG","GGO","OBG","GGO-OBG",TRUE,FALSE
"94","GGO-OGO","GGO","OGO","GGO-OGO",TRUE,TRUE
"95","GGO-OOO","GGO","OOO","GGO-OOO",TRUE,TRUE
"96","GGO-OOP","GGO","OOP","GGO-OOP",FALSE,FALSE
"97","GGO-OPP","GGO","OPP","GGO-OPP",TRUE,TRUE
"98","GGO-PBB","GGO","PBB","GGO-PBB",FALSE,FALSE
"99","GGO-PBO","GGO","PBO","GGO-PBO",TRUE,FALSE
"100","GGO-PGG","GGO","PGG","GGO-PGG",TRUE,TRUE
"101","GGO-POO","GGO","POO","GGO-POO",TRUE,TRUE
"102","GGO-POP","GGO","POP","GGO-POP",TRUE,FALSE
"103","GGO-PPB","GGO","PPB","GGO-PPB",TRUE,FALSE
"104","GGO-PPO","GGO","PPO","GGO-PPO",TRUE,TRUE
"105","GGO-PPP","GGO","PPP","GGO-PPP",TRUE,TRUE
"106","GOO-BBB","GOO","BBB","BBB-GOO",TRUE,FALSE
"107","GOO-BBP","GOO","BBP","BBP-GOO",TRUE,FALSE
"108","GOO-BOB","GOO","BOB","BOB-GOO",TRUE,FALSE
"109","GOO-GGG","GOO","GGG","GGG-GOO",TRUE,TRUE
"110","GOO-GGO","GOO","GGO","GGO-GOO",TRUE,TRUE
"111","GOO-GOP","GOO","GOP","GOO-GOP",FALSE,FALSE
"112","GOO-GPG","GOO","GPG","GOO-GPG",TRUE,FALSE
"113","GOO-OBB","GOO","OBB","GOO-OBB",FALSE,FALSE
"114","GOO-OBG","GOO","OBG","GOO-OBG",FALSE,TRUE
"115","GOO-OGO","GOO","OGO","GOO-OGO",FALSE,FALSE
"116","GOO-OOO","GOO","OOO","GOO-OOO",TRUE,FALSE
"117","GOO-OOP","GOO","OOP","GOO-OOP",TRUE,TRUE
"118","GOO-OPP","GOO","OPP","GOO-OPP",TRUE,FALSE
"119","GOO-PBB","GOO","PBB","GOO-PBB",TRUE,TRUE
"120","GOO-PBO","GOO","PBO","GOO-PBO",FALSE,TRUE
"121","GOO-PGG","GOO","PGG","GOO-PGG",TRUE,FALSE
"122","GOO-POO","GOO","POO","GOO-POO",TRUE,FALSE
"123","GOO-POP","GOO","POP","GOO-POP",TRUE,TRUE
"124","GOO-PPB","GOO","PPB","GOO-PPB",TRUE,TRUE
"125","GOO-PPO","GOO","PPO","GOO-PPO",TRUE,FALSE
"126","GOO-PPP","GOO","PPP","GOO-PPP",FALSE,FALSE
"127","GOP-BBB","GOP","BBB","BBB-GOP",TRUE,FALSE
"128","GOP-BBP","GOP","BBP","BBP-GOP",TRUE,FALSE
"129","GOP-BOB","GOP","BOB","BOB-GOP",TRUE,FALSE
"130","GOP-GGG","GOP","GGG","GGG-GOP",TRUE,TRUE
"131","GOP-GGO","GOP","GGO","GGO-GOP",TRUE,TRUE
"132","GOP-GOO","GOP","GOO","GOO-GOP",FALSE,FALSE
"133","GOP-GPG","GOP","GPG","GOP-GPG",TRUE,FALSE
"134","GOP-OBB","GOP","OBB","GOP-OBB",FALSE,FALSE
"135","GOP-OBG","GOP","OBG","GOP-OBG",FALSE,TRUE
"136","GOP-OGO","GOP","OGO","GOP-OGO",FALSE,FALSE
"137","GOP-OOO","GOP","OOO","GOP-OOO",TRUE,FALSE
"138","GOP-OOP","GOP","OOP","GOP-OOP",TRUE,TRUE
"139","GOP-OPP","GOP","OPP","GOP-OPP",TRUE,FALSE
"140","GOP-PBB","GOP","PBB","GOP-PBB",TRUE,TRUE
"141","GOP-PBO","GOP","PBO","GOP-PBO",FALSE,TRUE
"142","GOP-PGG","GOP","PGG","GOP-PGG",TRUE,FALSE
"143","GOP-POO","GOP","POO","GOP-POO",TRUE,FALSE
"144","GOP-POP","GOP","POP","GOP-POP",TRUE,TRUE
"145","GOP-PPB","GOP","PPB","GOP-PPB",TRUE,TRUE
"146","GOP-PPO","GOP","PPO","GOP-PPO",TRUE,FALSE
"147","GOP-PPP","GOP","PPP","GOP-PPP",FALSE,FALSE
"148","GPG-BBB","GPG","BBB","BBB-GPG",TRUE,FALSE
"149","GPG-BBP","GPG","BBP","BBP-GPG",TRUE,FALSE
"150","GPG-BOB","GPG","BOB","BOB-GPG",TRUE,FALSE
"151","GPG-GGG","GPG","GGG","GGG-GPG",FALSE,TRUE
"152","GPG-GGO","GPG","GGO","GGO-GPG",FALSE,TRUE
"153","GPG-GOO","GPG","GOO","GOO-GPG",TRUE,FALSE
"154","GPG-GOP","GPG","GOP","GOP-GPG",TRUE,FALSE
"155","GPG-OBB","GPG","OBB","GPG-OBB",TRUE,FALSE
"156","GPG-OBG","GPG","OBG","GPG-OBG",TRUE,TRUE
"157","GPG-OGO","GPG","OGO","GPG-OGO",TRUE,FALSE
"158","GPG-OOO","GPG","OOO","GPG-OOO",TRUE,FALSE
"159","GPG-OOP","GPG","OOP","GPG-OOP",FALSE,TRUE
"160","GPG-OPP","GPG","OPP","GPG-OPP",TRUE,FALSE
"161","GPG-PBB","GPG","PBB","GPG-PBB",FALSE,TRUE
"162","GPG-PBO","GPG","PBO","GPG-PBO",TRUE,TRUE
"163","GPG-PGG","GPG","PGG","GPG-PGG",TRUE,FALSE
"164","GPG-POO","GPG","POO","GPG-POO",TRUE,FALSE
"165","GPG-POP","GPG","POP","GPG-POP",TRUE,TRUE
"166","GPG-PPB","GPG","PPB","GPG-PPB",TRUE,TRUE
"167","GPG-PPO","GPG","PPO","GPG-PPO",TRUE,FALSE
"168","GPG-PPP","GPG","PPP","GPG-PPP",TRUE,FALSE
"169","OBB-BBB","OBB","BBB","BBB-OBB",TRUE,FALSE
"170","OBB-BBP","OBB","BBP","BBP-OBB",TRUE,FALSE
"171","OBB-BOB","OBB","BOB","BOB-OBB",TRUE,FALSE
"172","OBB-GGG","OBB","GGG","GGG-OBB",TRUE,TRUE
"173","OBB-GGO","OBB","GGO","GGO-OBB",TRUE,TRUE
"174","OBB-GOO","OBB","GOO","GOO-OBB",FALSE,FALSE
"175","OBB-GOP","OBB","GOP","GOP-OBB",FALSE,FALSE
"176","OBB-GPG","OBB","GPG","GPG-OBB",TRUE,FALSE
"177","OBB-OBG","OBB","OBG","OBB-OBG",FALSE,TRUE
"178","OBB-OGO","OBB","OGO","OBB-OGO",FALSE,FALSE
"179","OBB-OOO","OBB","OOO","OBB-OOO",TRUE,FALSE
"180","OBB-OOP","OBB","OOP","OBB-OOP",TRUE,TRUE
"181","OBB-OPP","OBB","OPP","OBB-OPP",TRUE,FALSE
"182","OBB-PBB","OBB","PBB","OBB-PBB",TRUE,TRUE
"183","OBB-PBO","OBB","PBO","OBB-PBO",FALSE,TRUE
"184","OBB-PGG","OBB","PGG","OBB-PGG",TRUE,FALSE
"185","OBB-POO","OBB","POO","OBB-POO",TRUE,FALSE
"186","OBB-POP","OBB","POP","OBB-POP",TRUE,TRUE
"187","OBB-PPB","OBB","PPB","OBB-PPB",TRUE,TRUE
"188","OBB-PPO","OBB","PPO","OBB-PPO",TRUE,FALSE
"189","OBB-PPP","OBB","PPP","OBB-PPP",FALSE,FALSE
"190","OBG-BBB","OBG","BBB","BBB-OBG",TRUE,TRUE
"191","OBG-BBP","OBG","BBP","BBP-OBG",TRUE,TRUE
"192","OBG-BOB","OBG","BOB","BOB-OBG",TRUE,TRUE
"193","OBG-GGG","OBG","GGG","GGG-OBG",TRUE,FALSE
"194","OBG-GGO","OBG","GGO","GGO-OBG",TRUE,FALSE
"195","OBG-GOO","OBG","GOO","GOO-OBG",FALSE,TRUE
"196","OBG-GOP","OBG","GOP","GOP-OBG",FALSE,TRUE
"197","OBG-GPG","OBG","GPG","GPG-OBG",TRUE,TRUE
"198","OBG-OBB","OBG","OBB","OBB-OBG",FALSE,TRUE
"199","OBG-OGO","OBG","OGO","OBG-OGO",FALSE,TRUE
"200","OBG-OOO","OBG","OOO","OBG-OOO",TRUE,TRUE
"201","OBG-OOP","OBG","OOP","OBG-OOP",TRUE,FALSE
"202","OBG-OPP","OBG","OPP","OBG-OPP",TRUE,TRUE
"203","OBG-PBB","OBG","PBB","OBG-PBB",TRUE,FALSE
"204","OBG-PBO","OBG","PBO","OBG-PBO",FALSE,FALSE
"205","OBG-PGG","OBG","PGG","OBG-PGG",TRUE,TRUE
"206","OBG-POO","OBG","POO","OBG-POO",TRUE,TRUE
"207","OBG-POP","OBG","POP","OBG-POP",TRUE,FALSE
"208","OBG-PPB","OBG","PPB","OBG-PPB",TRUE,FALSE
"209","OBG-PPO","OBG","PPO","OBG-PPO",TRUE,TRUE
"210","OBG-PPP","OBG","PPP","OBG-PPP",FALSE,TRUE
"211","OGO-BBB","OGO","BBB","BBB-OGO",TRUE,FALSE
"212","OGO-BBP","OGO","BBP","BBP-OGO",TRUE,FALSE
"213","OGO-BOB","OGO","BOB","BOB-OGO",TRUE,FALSE
"214","OGO-GGG","OGO","GGG","GGG-OGO",TRUE,TRUE
"215","OGO-GGO","OGO","GGO","GGO-OGO",TRUE,TRUE
"216","OGO-GOO","OGO","GOO","GOO-OGO",FALSE,FALSE
"217","OGO-GOP","OGO","GOP","GOP-OGO",FALSE,FALSE
"218","OGO-GPG","OGO","GPG","GPG-OGO",TRUE,FALSE
"219","OGO-OBB","OGO","OBB","OBB-OGO",FALSE,FALSE
"220","OGO-OBG","OGO","OBG","OBG-OGO",FALSE,TRUE
"221","OGO-OOO","OGO","OOO","OGO-OOO",TRUE,FALSE
"222","OGO-OOP","OGO","OOP","OGO-OOP",TRUE,TRUE
"223","OGO-OPP","OGO","OPP","OGO-OPP",TRUE,FALSE
"224","OGO-PBB","OGO","PBB","OGO-PBB",TRUE,TRUE
"225","OGO-PBO","OGO","PBO","OGO-PBO",FALSE,TRUE
"226","OGO-PGG","OGO","PGG","OGO-PGG",TRUE,FALSE
"227","OGO-POO","OGO","POO","OGO-POO",TRUE,FALSE
"228","OGO-POP","OGO","POP","OGO-POP",TRUE,TRUE
"229","OGO-PPB","OGO","PPB","OGO-PPB",TRUE,TRUE
"230","OGO-PPO","OGO","PPO","OGO-PPO",TRUE,FALSE
"231","OGO-PPP","OGO","PPP","OGO-PPP",FALSE,FALSE
"232","OOO-BBB","OOO","BBB","BBB-OOO",TRUE,FALSE
"233","OOO-BBP","OOO","BBP","BBP-OOO",FALSE,FALSE
"234","OOO-BOB","OOO","BOB","BOB-OOO",FALSE,FALSE
"235","OOO-GGG","OOO","GGG","GGG-OOO",TRUE,TRUE
"236","OOO-GGO","OOO","GGO","GGO-OOO",TRUE,TRUE
"237","OOO-GOO","OOO","GOO","GOO-OOO",TRUE,FALSE
"238","OOO-GOP","OOO","GOP","GOP-OOO",TRUE,FALSE
"239","OOO-GPG","OOO","GPG","GPG-OOO",TRUE,FALSE
"240","OOO-OBB","OOO","OBB","OBB-OOO",TRUE,FALSE
"241","OOO-OBG","OOO","OBG","OBG-OOO",TRUE,TRUE
"242","OOO-OGO","OOO","OGO","OGO-OOO",TRUE,FALSE
"243","OOO-OOP","OOO","OOP","OOO-OOP",TRUE,TRUE
"244","OOO-OPP","OOO","OPP","OOO-OPP",TRUE,FALSE
"245","OOO-PBB","OOO","PBB","OOO-PBB",TRUE,TRUE
"246","OOO-PBO","OOO","PBO","OOO-PBO",TRUE,TRUE
"247","OOO-PGG","OOO","PGG","OOO-PGG",FALSE,FALSE
"248","OOO-POO","OOO","POO","OOO-POO",TRUE,FALSE
"249","OOO-POP","OOO","POP","OOO-POP",FALSE,TRUE
"250","OOO-PPB","OOO","PPB","OOO-PPB",TRUE,TRUE
"251","OOO-PPO","OOO","PPO","OOO-PPO",FALSE,FALSE
"252","OOO-PPP","OOO","PPP","OOO-PPP",TRUE,FALSE
"253","OOP-BBB","OOP","BBB","BBB-OOP",TRUE,TRUE
"254","OOP-BBP","OOP","BBP","BBP-OOP",TRUE,TRUE
"255","OOP-BOB","OOP","BOB","BOB-OOP",TRUE,TRUE
"256","OOP-GGG","OOP","GGG","GGG-OOP",FALSE,FALSE
"257","OOP-GGO","OOP","GGO","GGO-OOP",FALSE,FALSE
"258","OOP-GOO","OOP","GOO","GOO-OOP",TRUE,TRUE
"259","OOP-GOP","OOP","GOP","GOP-OOP",TRUE,TRUE
"260","OOP-GPG","OOP","GPG","GPG-OOP",FALSE,TRUE
"261","OOP-OBB","OOP","OBB","OBB-OOP",TRUE,TRUE
"262","OOP-OBG","OOP","OBG","OBG-OOP",TRUE,FALSE
"263","OOP-OGO","OOP","OGO","OGO-OOP",TRUE,TRUE
"264","OOP-OOO","OOP","OOO","OOO-OOP",TRUE,TRUE
"265","OOP-OPP","OOP","OPP","OOP-OPP",TRUE,TRUE
"266","OOP-PBB","OOP","PBB","OOP-PBB",FALSE,FALSE
"267","OOP-PBO","OOP","PBO","OOP-PBO",TRUE,FALSE
"268","OOP-PGG","OOP","PGG","OOP-PGG",TRUE,TRUE
"269","OOP-POO","OOP","POO","OOP-POO",TRUE,TRUE
"270","OOP-POP","OOP","POP","OOP-POP",TRUE,FALSE
"271","OOP-PPB","OOP","PPB","OOP-PPB",TRUE,FALSE
"272","OOP-PPO","OOP","PPO","OOP-PPO",TRUE,TRUE
"273","OOP-PPP","OOP","PPP","OOP-PPP",TRUE,TRUE
"274","OPP-BBB","OPP","BBB","BBB-OPP",FALSE,FALSE
"275","OPP-BBP","OPP","BBP","BBP-OPP",TRUE,FALSE
"276","OPP-BOB","OPP","BOB","BOB-OPP",TRUE,FALSE
"277","OPP-GGG","OPP","GGG","GGG-OPP",TRUE,TRUE
"278","OPP-GGO","OPP","GGO","GGO-OPP",TRUE,TRUE
"279","OPP-GOO","OPP","GOO","GOO-OPP",TRUE,FALSE
"280","OPP-GOP","OPP","GOP","GOP-OPP",TRUE,FALSE
"281","OPP-GPG","OPP","GPG","GPG-OPP",TRUE,FALSE
"282","OPP-OBB","OPP","OBB","OBB-OPP",TRUE,FALSE
"283","OPP-OBG","OPP","OBG","OBG-OPP",TRUE,TRUE
"284","OPP-OGO","OPP","OGO","OGO-OPP",TRUE,FALSE
"285","OPP-OOO","OPP","OOO","OOO-OPP",TRUE,FALSE
"286","OPP-OOP","OPP","OOP","OOP-OPP",TRUE,TRUE
"287","OPP-PBB","OPP","PBB","OPP-PBB",TRUE,TRUE
"288","OPP-PBO","OPP","PBO","OPP-PBO",TRUE,TRUE
"289","OPP-PGG","OPP","PGG","OPP-PGG",TRUE,FALSE
"290","OPP-POO","OPP","POO","OPP-POO",FALSE,FALSE
"291","OPP-POP","OPP","POP","OPP-POP",TRUE,TRUE
"292","OPP-PPB","OPP","PPB","OPP-PPB",FALSE,TRUE
"293","OPP-PPO","OPP","PPO","OPP-PPO",TRUE,FALSE
"294","OPP-PPP","OPP","PPP","OPP-PPP",TRUE,FALSE
"295","PBB-BBB","PBB","BBB","BBB-PBB",TRUE,TRUE
"296","PBB-BBP","PBB","BBP","BBP-PBB",TRUE,TRUE
"297","PBB-BOB","PBB","BOB","BOB-PBB",TRUE,TRUE
"298","PBB-GGG","PBB","GGG","GGG-PBB",FALSE,FALSE
"299","PBB-GGO","PBB","GGO","GGO-PBB",FALSE,FALSE
"300","PBB-GOO","PBB","GOO","GOO-PBB",TRUE,TRUE
"301","PBB-GOP","PBB","GOP","GOP-PBB",TRUE,TRUE
"302","PBB-GPG","PBB","GPG","GPG-PBB",FALSE,TRUE
"303","PBB-OBB","PBB","OBB","OBB-PBB",TRUE,TRUE
"304","PBB-OBG","PBB","OBG","OBG-PBB",TRUE,FALSE
"305","PBB-OGO","PBB","OGO","OGO-PBB",TRUE,TRUE
"306","PBB-OOO","PBB","OOO","OOO-PBB",TRUE,TRUE
"307","PBB-OOP","PBB","OOP","OOP-PBB",FALSE,FALSE
"308","PBB-OPP","PBB","OPP","OPP-PBB",TRUE,TRUE
"309","PBB-PBO","PBB","PBO","PBB-PBO",TRUE,FALSE
"310","PBB-PGG","PBB","PGG","PBB-PGG",TRUE,TRUE
"311","PBB-POO","PBB","POO","PBB-POO",TRUE,TRUE
"312","PBB-POP","PBB","POP","PBB-POP",TRUE,FALSE
"313","PBB-PPB","PBB","PPB","PBB-PPB",TRUE,FALSE
"314","PBB-PPO","PBB","PPO","PBB-PPO",TRUE,TRUE
"315","PBB-PPP","PBB","PPP","PBB-PPP",TRUE,TRUE
"316","PBO-BBB","PBO","BBB","BBB-PBO",TRUE,TRUE
"317","PBO-BBP","PBO","BBP","BBP-PBO",TRUE,TRUE
"318","PBO-BOB","PBO","BOB","BOB-PBO",TRUE,TRUE
"319","PBO-GGG","PBO","GGG","GGG-PBO",TRUE,FALSE
"320","PBO-GGO","PBO","GGO","GGO-PBO",TRUE,FALSE
"321","PBO-GOO","PBO","GOO","GOO-PBO",FALSE,TRUE
"322","PBO-GOP","PBO","GOP","GOP-PBO",FALSE,TRUE
"323","PBO-GPG","PBO","GPG","GPG-PBO",TRUE,TRUE
"324","PBO-OBB","PBO","OBB","OBB-PBO",FALSE,TRUE
"325","PBO-OBG","PBO","OBG","OBG-PBO",FALSE,FALSE
"326","PBO-OGO","PBO","OGO","OGO-PBO",FALSE,TRUE
"327","PBO-OOO","PBO","OOO","OOO-PBO",TRUE,TRUE
"328","PBO-OOP","PBO","OOP","OOP-PBO",TRUE,FALSE
"329","PBO-OPP","PBO","OPP","OPP-PBO",TRUE,TRUE
"330","PBO-PBB","PBO","PBB","PBB-PBO",TRUE,FALSE
"331","PBO-PGG","PBO","PGG","PBO-PGG",TRUE,TRUE
"332","PBO-POO","PBO","POO","PBO-POO",TRUE,TRUE
"333","PBO-POP","PBO","POP","PBO-POP",TRUE,FALSE
"334","PBO-PPB","PBO","PPB","PBO-PPB",TRUE,FALSE
"335","PBO-PPO","PBO","PPO","PBO-PPO",TRUE,TRUE
"336","PBO-PPP","PBO","PPP","PBO-PPP",FALSE,TRUE
"337","PGG-BBB","PGG","BBB","BBB-PGG",TRUE,FALSE
"338","PGG-BBP","PGG","BBP","BBP-PGG",FALSE,FALSE
"339","PGG-BOB","PGG","BOB","BOB-PGG",FALSE,FALSE
"340","PGG-GGG","PGG","GGG","GGG-PGG",TRUE,TRUE
"341","PGG-GGO","PGG","GGO","GGO-PGG",TRUE,TRUE
"342","PGG-GOO","PGG","GOO","GOO-PGG",TRUE,FALSE
"343","PGG-GOP","PGG","GOP","GOP-PGG",TRUE,FALSE
"344","PGG-GPG","PGG","GPG","GPG-PGG",TRUE,FALSE
"345","PGG-OBB","PGG","OBB","OBB-PGG",TRUE,FALSE
"346","PGG-OBG","PGG","OBG","OBG-PGG",TRUE,TRUE
"347","PGG-OGO","PGG","OGO","OGO-PGG",TRUE,FALSE
"348","PGG-OOO","PGG","OOO","OOO-PGG",FALSE,FALSE
"349","PGG-OOP","PGG","OOP","OOP-PGG",TRUE,TRUE
"350","PGG-OPP","PGG","OPP","OPP-PGG",TRUE,FALSE
"351","PGG-PBB","PGG","PBB","PBB-PGG",TRUE,TRUE
"352","PGG-PBO","PGG","PBO","PBO-PGG",TRUE,TRUE
"353","PGG-POO","PGG","POO","PGG-POO",TRUE,FALSE
"354","PGG-POP","PGG","POP","PGG-POP",FALSE,TRUE
"355","PGG-PPB","PGG","PPB","PGG-PPB",TRUE,TRUE
"356","PGG-PPO","PGG","PPO","PGG-PPO",FALSE,FALSE
"357","PGG-PPP","PGG","PPP","PGG-PPP",TRUE,FALSE
"358","POO-BBB","POO","BBB","BBB-POO",FALSE,FALSE
"359","POO-BBP","POO","BBP","BBP-POO",TRUE,FALSE
"360","POO-BOB","POO","BOB","BOB-POO",TRUE,FALSE
"361","POO-GGG","POO","GGG","GGG-POO",TRUE,TRUE
"362","POO-GGO","POO","GGO","GGO-POO",TRUE,TRUE
"363","POO-GOO","POO","GOO","GOO-POO",TRUE,FALSE
"364","POO-GOP","POO","GOP","GOP-POO",TRUE,FALSE
"365","POO-GPG","POO","GPG","GPG-POO",TRUE,FALSE
"366","POO-OBB","POO","OBB","OBB-POO",TRUE,FALSE
"367","POO-OBG","POO","OBG","OBG-POO",TRUE,TRUE
"368","POO-OGO","POO","OGO","OGO-POO",TRUE,FALSE
"369","POO-OOO","POO","OOO","OOO-POO",TRUE,FALSE
"370","POO-OOP","POO","OOP","OOP-POO",TRUE,TRUE
"371","POO-OPP","POO","OPP","OPP-POO",FALSE,FALSE
"372","POO-PBB","POO","PBB","PBB-POO",TRUE,TRUE
"373","POO-PBO","POO","PBO","PBO-POO",TRUE,TRUE
"374","POO-PGG","POO","PGG","PGG-POO",TRUE,FALSE
"375","POO-POP","POO","POP","POO-POP",TRUE,TRUE
"376","POO-PPB","POO","PPB","POO-PPB",FALSE,TRUE
"377","POO-PPO","POO","PPO","POO-PPO",TRUE,FALSE
"378","POO-PPP","POO","PPP","POO-PPP",TRUE,FALSE
"379","POP-BBB","POP","BBB","BBB-POP",TRUE,TRUE
"380","POP-BBP","POP","BBP","BBP-POP",FALSE,TRUE
"381","POP-BOB","POP","BOB","BOB-POP",FALSE,TRUE
"382","POP-GGG","POP","GGG","GGG-POP",TRUE,FALSE
"383","POP-GGO","POP","GGO","GGO-POP",TRUE,FALSE
"384","POP-GOO","POP","GOO","GOO-POP",TRUE,TRUE
"385","POP-GOP","POP","GOP","GOP-POP",TRUE,TRUE
"386","POP-GPG","POP","GPG","GPG-POP",TRUE,TRUE
"387","POP-OBB","POP","OBB","OBB-POP",TRUE,TRUE
"388","POP-OBG","POP","OBG","OBG-POP",TRUE,FALSE
"389","POP-OGO","POP","OGO","OGO-POP",TRUE,TRUE
"390","POP-OOO","POP","OOO","OOO-POP",FALSE,TRUE
"391","POP-OOP","POP","OOP","OOP-POP",TRUE,FALSE
"392","POP-OPP","POP","OPP","OPP-POP",TRUE,TRUE
"393","POP-PBB","POP","PBB","PBB-POP",TRUE,FALSE
"394","POP-PBO","POP","PBO","PBO-POP",TRUE,FALSE
"395","POP-PGG","POP","PGG","PGG-POP",FALSE,TRUE
"396","POP-POO","POP","POO","POO-POP",TRUE,TRUE
"397","POP-PPB","POP","PPB","POP-PPB",TRUE,FALSE
"398","POP-PPO","POP","PPO","POP-PPO",FALSE,TRUE
"399","POP-PPP","POP","PPP","POP-PPP",TRUE,TRUE
"400","PPB-BBB","PPB","BBB","BBB-PPB",FALSE,TRUE
"401","PPB-BBP","PPB","BBP","BBP-PPB",TRUE,TRUE
"402","PPB-BOB","PPB","BOB","BOB-PPB",TRUE,TRUE
"403","PPB-GGG","PPB","GGG","GGG-PPB",TRUE,FALSE
"404","PPB-GGO","PPB","GGO","GGO-PPB",TRUE,FALSE
"405","PPB-GOO","PPB","GOO","GOO-PPB",TRUE,TRUE
"406","PPB-GOP","PPB","GOP","GOP-PPB",TRUE,TRUE
"407","PPB-GPG","PPB","GPG","GPG-PPB",TRUE,TRUE
"408","PPB-OBB","PPB","OBB","OBB-PPB",TRUE,TRUE
"409","PPB-OBG","PPB","OBG","OBG-PPB",TRUE,FALSE
"410","PPB-OGO","PPB","OGO","OGO-PPB",TRUE,TRUE
"411","PPB-OOO","PPB","OOO","OOO-PPB",TRUE,TRUE
"412","PPB-OOP","PPB","OOP","OOP-PPB",TRUE,FALSE
"413","PPB-OPP","PPB","OPP","OPP-PPB",FALSE,TRUE
"414","PPB-PBB","PPB","PBB","PBB-PPB",TRUE,FALSE
"415","PPB-PBO","PPB","PBO","PBO-PPB",TRUE,FALSE
"416","PPB-PGG","PPB","PGG","PGG-PPB",TRUE,TRUE
"417","PPB-POO","PPB","POO","POO-PPB",FALSE,TRUE
"418","PPB-POP","PPB","POP","POP-PPB",TRUE,FALSE
"419","PPB-PPO","PPB","PPO","PPB-PPO",TRUE,TRUE
"420","PPB-PPP","PPB","PPP","PPB-PPP",TRUE,TRUE
"421","PPO-BBB","PPO","BBB","BBB-PPO",TRUE,FALSE
"422","PPO-BBP","PPO","BBP","BBP-PPO",FALSE,FALSE
"423","PPO-BOB","PPO","BOB","BOB-PPO",FALSE,FALSE
"424","PPO-GGG","PPO","GGG","GGG-PPO",TRUE,TRUE
"425","PPO-GGO","PPO","GGO","GGO-PPO",TRUE,TRUE
"426","PPO-GOO","PPO","GOO","GOO-PPO",TRUE,FALSE
"427","PPO-GOP","PPO","GOP","GOP-PPO",TRUE,FALSE
"428","PPO-GPG","PPO","GPG","GPG-PPO",TRUE,FALSE
"429","PPO-OBB","PPO","OBB","OBB-PPO",TRUE,FALSE
"430","PPO-OBG","PPO","OBG","OBG-PPO",TRUE,TRUE
"431","PPO-OGO","PPO","OGO","OGO-PPO",TRUE,FALSE
"432","PPO-OOO","PPO","OOO","OOO-PPO",FALSE,FALSE
"433","PPO-OOP","PPO","OOP","OOP-PPO",TRUE,TRUE
"434","PPO-OPP","PPO","OPP","OPP-PPO",TRUE,FALSE
"435","PPO-PBB","PPO","PBB","PBB-PPO",TRUE,TRUE
"436","PPO-PBO","PPO","PBO","PBO-PPO",TRUE,TRUE
"437","PPO-PGG","PPO","PGG","PGG-PPO",FALSE,FALSE
"438","PPO-POO","PPO","POO","POO-PPO",TRUE,FALSE
"439","PPO-POP","PPO","POP","POP-PPO",FALSE,TRUE
"440","PPO-PPB","PPO","PPB","PPB-PPO",TRUE,TRUE
"441","PPO-PPP","PPO","PPP","PPO-PPP",TRUE,FALSE
"442","PPP-BBB","PPP","BBB","BBB-PPP",TRUE,FALSE
"443","PPP-BBP","PPP","BBP","BBP-PPP",TRUE,FALSE
"444","PPP-BOB","PPP","BOB","BOB-PPP",TRUE,FALSE
"445","PPP-GGG","PPP","GGG","GGG-PPP",TRUE,TRUE
"446","PPP-GGO","PPP","GGO","GGO-PPP",TRUE,TRUE
"447","PPP-GOO","PPP","GOO","GOO-PPP",FALSE,FALSE
"448","PPP-GOP","PPP","GOP","GOP-PPP",FALSE,FALSE
"449","PPP-GPG","PPP","GPG","GPG-PPP",TRUE,FALSE
"450","PPP-OBB","PPP","OBB","OBB-PPP",FALSE,FALSE
"451","PPP-OBG","PPP","OBG","OBG-PPP",FALSE,TRUE
"452","PPP-OGO","PPP","OGO","OGO-PPP",FALSE,FALSE
"453","PPP-OOO","PPP","OOO","OOO-PPP",TRUE,FALSE
"454","PPP-OOP","PPP","OOP","OOP-PPP",TRUE,TRUE
"455","PPP-OPP","PPP","OPP","OPP-PPP",TRUE,FALSE
"456","PPP-PBB","PPP","PBB","PBB-PPP",TRUE,TRUE
"457","PPP-PBO","PPP","PBO","PBO-PPP",FALSE,TRUE
"458","PPP-PGG","PPP","PGG","PGG-PPP",TRUE,FALSE
"459","PPP-POO","PPP","POO","POO-PPP",TRUE,FALSE
"460","PPP-POP","PPP","POP","POP-PPP",TRUE,TRUE
"461","PPP-PPB","PPP","PPB","PPB-PPP",TRUE,TRUE
"462","PPP-PPO","PPP","PPO","PPO-PPP",TRUE,FALSE
